residue_number,residue_name,atom_number,atom_name,chain_id,x_coord,y_coord,z_coord
61,GLN,995,N,A,3.108,21.005,1.884
61,GLN,996,CA,A,2.229,21.902,1.095
61,GLN,997,C,A,2.305,23.325,1.646
61,GLN,1005,HA,A,2.516,21.882,0.06
62,GLU,1012,N,A,2.851,24.227,0.878
62,GLU,1013,CA,A,2.98,25.631,1.328
62,GLU,1014,C,A,1.657,26.124,1.925
62,GLU,1021,H,A,3.192,23.977,0.008
62,GLU,1022,HA,A,3.778,25.717,2.027
63,ASP,1027,N,A,0.559,25.756,1.316
63,ASP,1028,CA,A,-0.769,26.194,1.807
63,ASP,1029,C,A,-0.902,25.956,3.312
63,ASP,1035,H,A,0.61,25.205,0.521
63,ASP,1036,HA,A,-0.915,27.222,1.565
64,TYR,1039,N,A,-0.203,24.977,3.824
64,TYR,1040,CA,A,-0.283,24.666,5.284
64,TYR,1041,C,A,-1.707,24.233,5.654
64,TYR,1051,H,A,0.374,24.438,3.244
64,TYR,1052,HA,A,0.425,23.888,5.539
65,ASP,1060,N,A,-2.009,22.969,5.52
65,ASP,1061,CA,A,-3.377,22.488,5.869
65,ASP,1062,C,A,-3.583,22.563,7.382
65,ASP,1068,H,A,-1.335,22.338,5.193
65,ASP,1069,HA,A,-4.126,23.068,5.355
66,ARG,1072,N,A,-4.804,22.474,7.832
66,ARG,1073,CA,A,-5.058,22.54,9.298
66,ARG,1074,C,A,-4.608,21.236,9.963
66,ARG,1083,H,A,-5.552,22.364,7.206
66,ARG,1084,HA,A,-4.538,23.381,9.731
67,LEU,1096,N,A,-4.243,21.296,11.217
67,LEU,1097,CA,A,-3.783,20.065,11.93
67,LEU,1098,C,A,-4.785,18.925,11.728
67,LEU,1104,H,A,-4.263,22.155,11.689
67,LEU,1105,HA,A,-2.804,19.772,11.589
68,ARG,1115,N,A,-6.047,19.243,11.639
68,ARG,1116,CA,A,-7.067,18.179,11.434
68,ARG,1117,C,A,-7.772,18.379,10.088
68,ARG,1126,H,A,-6.323,20.182,11.699
68,ARG,1127,HA,A,-6.605,17.208,11.479
